{
  "AssemblyIdentity": "Microsoft.AspNetCore.NodeServices.Sockets, Version=2.1.1.0, Culture=neutral, PublicKeyToken=adb9793829ddae60",
  "Types": [
    {
      "Name": "Microsoft.AspNetCore.NodeServices.Sockets.NodeServicesOptionsExtensions",
      "Visibility": "Public",
      "Kind": "Class",
      "Abstract": true,
      "Static": true,
      "Sealed": true,
      "ImplementedInterfaces": [],
      "Members": [
        {
          "Kind": "Method",
          "Name": "UseSocketHosting",
          "Parameters": [
            {
              "Name": "options",
              "Type": "Microsoft.AspNetCore.NodeServices.NodeServicesOptions"
            }
          ],
          "ReturnType": "System.Void",
          "Static": true,
          "Extension": true,
          "Visibility": "Public",
          "GenericParameter": []
        }
      ],
      "GenericParameters": []
    },
    {
      "Name": "Microsoft.AspNetCore.NodeServices.Sockets.VirtualConnections.VirtualConnectionReadErrorHandler",
      "Visibility": "Public",
      "Kind": "Class",
      "Sealed": true,
      "BaseType": "System.MulticastDelegate",
      "ImplementedInterfaces": [],
      "Members": [
        {
          "Kind": "Method",
          "Name": "Invoke",
          "Parameters": [
            {
              "Name": "ex",
              "Type": "System.Exception"
            }
          ],
          "ReturnType": "System.Void",
          "Virtual": true,
          "Visibility": "Public",
          "GenericParameter": []
        },
        {
          "Kind": "Method",
          "Name": "BeginInvoke",
          "Parameters": [
            {
              "Name": "ex",
              "Type": "System.Exception"
            },
            {
              "Name": "callback",
              "Type": "System.AsyncCallback"
            },
            {
              "Name": "object",
              "Type": "System.Object"
            }
          ],
          "ReturnType": "System.IAsyncResult",
          "Virtual": true,
          "Visibility": "Public",
          "GenericParameter": []
        },
        {
          "Kind": "Method",
          "Name": "EndInvoke",
          "Parameters": [
            {
              "Name": "result",
              "Type": "System.IAsyncResult"
            }
          ],
          "ReturnType": "System.Void",
          "Virtual": true,
          "Visibility": "Public",
          "GenericParameter": []
        },
        {
          "Kind": "Constructor",
          "Name": ".ctor",
          "Parameters": [
            {
              "Name": "object",
              "Type": "System.Object"
            },
            {
              "Name": "method",
              "Type": "System.IntPtr"
            }
          ],
          "Visibility": "Public",
          "GenericParameter": []
        }
      ],
      "GenericParameters": []
    }
  ]
}