{
  "AssemblyIdentity": "Microsoft.AspNetCore.SpaServices, Version=2.1.1.0, Culture=neutral, PublicKeyToken=adb9793829ddae60",
  "Types": [
    {
      "Name": "Microsoft.Extensions.DependencyInjection.PrerenderingServiceCollectionExtensions",
      "Visibility": "Public",
      "Kind": "Class",
      "Abstract": true,
      "Static": true,
      "Sealed": true,
      "ImplementedInterfaces": [],
      "Members": [
        {
          "Kind": "Method",
          "Name": "AddSpaPrerenderer",
          "Parameters": [
            {
              "Name": "serviceCollection",
              "Type": "Microsoft.Extensions.DependencyInjection.IServiceCollection"
            }
          ],
          "ReturnType": "System.Void",
          "Static": true,
          "Extension": true,
          "Visibility": "Public",
          "GenericParameter": []
        }
      ],
      "GenericParameters": []
    },
    {
      "Name": "Microsoft.AspNetCore.Builder.SpaRouteExtensions",
      "Visibility": "Public",
      "Kind": "Class",
      "Abstract": true,
      "Static": true,
      "Sealed": true,
      "ImplementedInterfaces": [],
      "Members": [
        {
          "Kind": "Method",
          "Name": "MapSpaFallbackRoute",
          "Parameters": [
            {
              "Name": "routeBuilder",
              "Type": "Microsoft.AspNetCore.Routing.IRouteBuilder"
            },
            {
              "Name": "name",
              "Type": "System.String"
            },
            {
              "Name": "defaults",
              "Type": "System.Object"
            },
            {
              "Name": "constraints",
              "Type": "System.Object",
              "DefaultValue": "null"
            },
            {
              "Name": "dataTokens",
              "Type": "System.Object",
              "DefaultValue": "null"
            }
          ],
          "ReturnType": "System.Void",
          "Static": true,
          "Extension": true,
          "Visibility": "Public",
          "GenericParameter": []
        },
        {
          "Kind": "Method",
          "Name": "MapSpaFallbackRoute",
          "Parameters": [
            {
              "Name": "routeBuilder",
              "Type": "Microsoft.AspNetCore.Routing.IRouteBuilder"
            },
            {
              "Name": "name",
              "Type": "System.String"
            },
            {
              "Name": "templatePrefix",
              "Type": "System.String"
            },
            {
              "Name": "defaults",
              "Type": "System.Object"
            },
            {
              "Name": "constraints",
              "Type": "System.Object",
              "DefaultValue": "null"
            },
            {
              "Name": "dataTokens",
              "Type": "System.Object",
              "DefaultValue": "null"
            }
          ],
          "ReturnType": "System.Void",
          "Static": true,
          "Extension": true,
          "Visibility": "Public",
          "GenericParameter": []
        }
      ],
      "GenericParameters": []
    },
    {
      "Name": "Microsoft.AspNetCore.Builder.WebpackDevMiddleware",
      "Visibility": "Public",
      "Kind": "Class",
      "Abstract": true,
      "Static": true,
      "Sealed": true,
      "ImplementedInterfaces": [],
      "Members": [
        {
          "Kind": "Method",
          "Name": "UseWebpackDevMiddleware",
          "Parameters": [
            {
              "Name": "appBuilder",
              "Type": "Microsoft.AspNetCore.Builder.IApplicationBuilder"
            },
            {
              "Name": "options",
              "Type": "Microsoft.AspNetCore.SpaServices.Webpack.WebpackDevMiddlewareOptions",
              "DefaultValue": "null"
            }
          ],
          "ReturnType": "System.Void",
          "Static": true,
          "Extension": true,
          "Visibility": "Public",
          "GenericParameter": []
        }
      ],
      "GenericParameters": []
    },
    {
      "Name": "Microsoft.AspNetCore.SpaServices.Webpack.WebpackDevMiddlewareOptions",
      "Visibility": "Public",
      "Kind": "Class",
      "ImplementedInterfaces": [],
      "Members": [
        {
          "Kind": "Method",
          "Name": "get_HotModuleReplacement",
          "Parameters": [],
          "ReturnType": "System.Boolean",
          "Visibility": "Public",
          "GenericParameter": []
        },
        {
          "Kind": "Method",
          "Name": "set_HotModuleReplacement",
          "Parameters": [
            {
              "Name": "value",
              "Type": "System.Boolean"
            }
          ],
          "ReturnType": "System.Void",
          "Visibility": "Public",
          "GenericParameter": []
        },
        {
          "Kind": "Method",
          "Name": "get_HotModuleReplacementEndpoint",
          "Parameters": [],
          "ReturnType": "System.String",
          "Visibility": "Public",
          "GenericParameter": []
        },
        {
          "Kind": "Method",
          "Name": "set_HotModuleReplacementEndpoint",
          "Parameters": [
            {
              "Name": "value",
              "Type": "System.String"
            }
          ],
          "ReturnType": "System.Void",
          "Visibility": "Public",
          "GenericParameter": []
        },
        {
          "Kind": "Method",
          "Name": "get_HotModuleReplacementServerPort",
          "Parameters": [],
          "ReturnType": "System.Int32",
          "Visibility": "Public",
          "GenericParameter": []
        },
        {
          "Kind": "Method",
          "Name": "set_HotModuleReplacementServerPort",
          "Parameters": [
            {
              "Name": "value",
              "Type": "System.Int32"
            }
          ],
          "ReturnType": "System.Void",
          "Visibility": "Public",
          "GenericParameter": []
        },
        {
          "Kind": "Method",
          "Name": "get_ReactHotModuleReplacement",
          "Parameters": [],
          "ReturnType": "System.Boolean",
          "Visibility": "Public",
          "GenericParameter": []
        },
        {
          "Kind": "Method",
          "Name": "set_ReactHotModuleReplacement",
          "Parameters": [
            {
              "Name": "value",
              "Type": "System.Boolean"
            }
          ],
          "ReturnType": "System.Void",
          "Visibility": "Public",
          "GenericParameter": []
        },
        {
          "Kind": "Method",
          "Name": "get_HotModuleReplacementClientOptions",
          "Parameters": [],
          "ReturnType": "System.Collections.Generic.IDictionary<System.String, System.String>",
          "Visibility": "Public",
          "GenericParameter": []
        },
        {
          "Kind": "Method",
          "Name": "set_HotModuleReplacementClientOptions",
          "Parameters": [
            {
              "Name": "value",
              "Type": "System.Collections.Generic.IDictionary<System.String, System.String>"
            }
          ],
          "ReturnType": "System.Void",
          "Visibility": "Public",
          "GenericParameter": []
        },
        {
          "Kind": "Method",
          "Name": "get_ConfigFile",
          "Parameters": [],
          "ReturnType": "System.String",
          "Visibility": "Public",
          "GenericParameter": []
        },
        {
          "Kind": "Method",
          "Name": "set_ConfigFile",
          "Parameters": [
            {
              "Name": "value",
              "Type": "System.String"
            }
          ],
          "ReturnType": "System.Void",
          "Visibility": "Public",
          "GenericParameter": []
        },
        {
          "Kind": "Method",
          "Name": "get_ProjectPath",
          "Parameters": [],
          "ReturnType": "System.String",
          "Visibility": "Public",
          "GenericParameter": []
        },
        {
          "Kind": "Method",
          "Name": "set_ProjectPath",
          "Parameters": [
            {
              "Name": "value",
              "Type": "System.String"
            }
          ],
          "ReturnType": "System.Void",
          "Visibility": "Public",
          "GenericParameter": []
        },
        {
          "Kind": "Method",
          "Name": "get_EnvironmentVariables",
          "Parameters": [],
          "ReturnType": "System.Collections.Generic.IDictionary<System.String, System.String>",
          "Visibility": "Public",
          "GenericParameter": []
        },
        {
          "Kind": "Method",
          "Name": "set_EnvironmentVariables",
          "Parameters": [
            {
              "Name": "value",
              "Type": "System.Collections.Generic.IDictionary<System.String, System.String>"
            }
          ],
          "ReturnType": "System.Void",
          "Visibility": "Public",
          "GenericParameter": []
        },
        {
          "Kind": "Method",
          "Name": "get_EnvParam",
          "Parameters": [],
          "ReturnType": "System.Object",
          "Visibility": "Public",
          "GenericParameter": []
        },
        {
          "Kind": "Method",
          "Name": "set_EnvParam",
          "Parameters": [
            {
              "Name": "value",
              "Type": "System.Object"
            }
          ],
          "ReturnType": "System.Void",
          "Visibility": "Public",
          "GenericParameter": []
        },
        {
          "Kind": "Constructor",
          "Name": ".ctor",
          "Parameters": [],
          "Visibility": "Public",
          "GenericParameter": []
        }
      ],
      "GenericParameters": []
    },
    {
      "Name": "Microsoft.AspNetCore.SpaServices.Prerendering.ISpaPrerenderer",
      "Visibility": "Public",
      "Kind": "Interface",
      "Abstract": true,
      "ImplementedInterfaces": [],
      "Members": [
        {
          "Kind": "Method",
          "Name": "RenderToString",
          "Parameters": [
            {
              "Name": "moduleName",
              "Type": "System.String"
            },
            {
              "Name": "exportName",
              "Type": "System.String",
              "DefaultValue": "null"
            },
            {
              "Name": "customDataParameter",
              "Type": "System.Object",
              "DefaultValue": "null"
            },
            {
              "Name": "timeoutMilliseconds",
              "Type": "System.Int32",
              "DefaultValue": "0"
            }
          ],
          "ReturnType": "System.Threading.Tasks.Task<Microsoft.AspNetCore.SpaServices.Prerendering.RenderToStringResult>",
          "GenericParameter": []
        }
      ],
      "GenericParameters": []
    },
    {
      "Name": "Microsoft.AspNetCore.SpaServices.Prerendering.JavaScriptModuleExport",
      "Visibility": "Public",
      "Kind": "Class",
      "ImplementedInterfaces": [],
      "Members": [
        {
          "Kind": "Method",
          "Name": "get_ModuleName",
          "Parameters": [],
          "ReturnType": "System.String",
          "Visibility": "Public",
          "GenericParameter": []
        },
        {
          "Kind": "Method",
          "Name": "get_ExportName",
          "Parameters": [],
          "ReturnType": "System.String",
          "Visibility": "Public",
          "GenericParameter": []
        },
        {
          "Kind": "Method",
          "Name": "set_ExportName",
          "Parameters": [
            {
              "Name": "value",
              "Type": "System.String"
            }
          ],
          "ReturnType": "System.Void",
          "Visibility": "Public",
          "GenericParameter": []
        },
        {
          "Kind": "Constructor",
          "Name": ".ctor",
          "Parameters": [
            {
              "Name": "moduleName",
              "Type": "System.String"
            }
          ],
          "Visibility": "Public",
          "GenericParameter": []
        }
      ],
      "GenericParameters": []
    },
    {
      "Name": "Microsoft.AspNetCore.SpaServices.Prerendering.Prerenderer",
      "Visibility": "Public",
      "Kind": "Class",
      "Abstract": true,
      "Static": true,
      "Sealed": true,
      "ImplementedInterfaces": [],
      "Members": [
        {
          "Kind": "Method",
          "Name": "RenderToString",
          "Parameters": [
            {
              "Name": "applicationBasePath",
              "Type": "System.String"
            },
            {
              "Name": "nodeServices",
              "Type": "Microsoft.AspNetCore.NodeServices.INodeServices"
            },
            {
              "Name": "applicationStoppingToken",
              "Type": "System.Threading.CancellationToken"
            },
            {
              "Name": "bootModule",
              "Type": "Microsoft.AspNetCore.SpaServices.Prerendering.JavaScriptModuleExport"
            },
            {
              "Name": "requestAbsoluteUrl",
              "Type": "System.String"
            },
            {
              "Name": "requestPathAndQuery",
              "Type": "System.String"
            },
            {
              "Name": "customDataParameter",
              "Type": "System.Object"
            },
            {
              "Name": "timeoutMilliseconds",
              "Type": "System.Int32"
            },
            {
              "Name": "requestPathBase",
              "Type": "System.String"
            }
          ],
          "ReturnType": "System.Threading.Tasks.Task<Microsoft.AspNetCore.SpaServices.Prerendering.RenderToStringResult>",
          "Static": true,
          "Visibility": "Public",
          "GenericParameter": []
        }
      ],
      "GenericParameters": []
    },
    {
      "Name": "Microsoft.AspNetCore.SpaServices.Prerendering.PrerenderTagHelper",
      "Visibility": "Public",
      "Kind": "Class",
      "BaseType": "Microsoft.AspNetCore.Razor.TagHelpers.TagHelper",
      "ImplementedInterfaces": [],
      "Members": [
        {
          "Kind": "Method",
          "Name": "ProcessAsync",
          "Parameters": [
            {
              "Name": "context",
              "Type": "Microsoft.AspNetCore.Razor.TagHelpers.TagHelperContext"
            },
            {
              "Name": "output",
              "Type": "Microsoft.AspNetCore.Razor.TagHelpers.TagHelperOutput"
            }
          ],
          "ReturnType": "System.Threading.Tasks.Task",
          "Virtual": true,
          "Override": true,
          "ImplementedInterface": "Microsoft.AspNetCore.Razor.TagHelpers.ITagHelperComponent",
          "Visibility": "Public",
          "GenericParameter": []
        },
        {
          "Kind": "Method",
          "Name": "get_ModuleName",
          "Parameters": [],
          "ReturnType": "System.String",
          "Visibility": "Public",
          "GenericParameter": []
        },
        {
          "Kind": "Method",
          "Name": "set_ModuleName",
          "Parameters": [
            {
              "Name": "value",
              "Type": "System.String"
            }
          ],
          "ReturnType": "System.Void",
          "Visibility": "Public",
          "GenericParameter": []
        },
        {
          "Kind": "Method",
          "Name": "get_ExportName",
          "Parameters": [],
          "ReturnType": "System.String",
          "Visibility": "Public",
          "GenericParameter": []
        },
        {
          "Kind": "Method",
          "Name": "set_ExportName",
          "Parameters": [
            {
              "Name": "value",
              "Type": "System.String"
            }
          ],
          "ReturnType": "System.Void",
          "Visibility": "Public",
          "GenericParameter": []
        },
        {
          "Kind": "Method",
          "Name": "get_CustomDataParameter",
          "Parameters": [],
          "ReturnType": "System.Object",
          "Visibility": "Public",
          "GenericParameter": []
        },
        {
          "Kind": "Method",
          "Name": "set_CustomDataParameter",
          "Parameters": [
            {
              "Name": "value",
              "Type": "System.Object"
            }
          ],
          "ReturnType": "System.Void",
          "Visibility": "Public",
          "GenericParameter": []
        },
        {
          "Kind": "Method",
          "Name": "get_TimeoutMillisecondsParameter",
          "Parameters": [],
          "ReturnType": "System.Int32",
          "Visibility": "Public",
          "GenericParameter": []
        },
        {
          "Kind": "Method",
          "Name": "set_TimeoutMillisecondsParameter",
          "Parameters": [
            {
              "Name": "value",
              "Type": "System.Int32"
            }
          ],
          "ReturnType": "System.Void",
          "Visibility": "Public",
          "GenericParameter": []
        },
        {
          "Kind": "Method",
          "Name": "get_ViewContext",
          "Parameters": [],
          "ReturnType": "Microsoft.AspNetCore.Mvc.Rendering.ViewContext",
          "Visibility": "Public",
          "GenericParameter": []
        },
        {
          "Kind": "Method",
          "Name": "set_ViewContext",
          "Parameters": [
            {
              "Name": "value",
              "Type": "Microsoft.AspNetCore.Mvc.Rendering.ViewContext"
            }
          ],
          "ReturnType": "System.Void",
          "Visibility": "Public",
          "GenericParameter": []
        },
        {
          "Kind": "Constructor",
          "Name": ".ctor",
          "Parameters": [
            {
              "Name": "serviceProvider",
              "Type": "System.IServiceProvider"
            }
          ],
          "Visibility": "Public",
          "GenericParameter": []
        }
      ],
      "GenericParameters": []
    },
    {
      "Name": "Microsoft.AspNetCore.SpaServices.Prerendering.RenderToStringResult",
      "Visibility": "Public",
      "Kind": "Class",
      "ImplementedInterfaces": [],
      "Members": [
        {
          "Kind": "Method",
          "Name": "get_Globals",
          "Parameters": [],
          "ReturnType": "Newtonsoft.Json.Linq.JObject",
          "Visibility": "Public",
          "GenericParameter": []
        },
        {
          "Kind": "Method",
          "Name": "set_Globals",
          "Parameters": [
            {
              "Name": "value",
              "Type": "Newtonsoft.Json.Linq.JObject"
            }
          ],
          "ReturnType": "System.Void",
          "Visibility": "Public",
          "GenericParameter": []
        },
        {
          "Kind": "Method",
          "Name": "get_Html",
          "Parameters": [],
          "ReturnType": "System.String",
          "Visibility": "Public",
          "GenericParameter": []
        },
        {
          "Kind": "Method",
          "Name": "set_Html",
          "Parameters": [
            {
              "Name": "value",
              "Type": "System.String"
            }
          ],
          "ReturnType": "System.Void",
          "Visibility": "Public",
          "GenericParameter": []
        },
        {
          "Kind": "Method",
          "Name": "get_RedirectUrl",
          "Parameters": [],
          "ReturnType": "System.String",
          "Visibility": "Public",
          "GenericParameter": []
        },
        {
          "Kind": "Method",
          "Name": "set_RedirectUrl",
          "Parameters": [
            {
              "Name": "value",
              "Type": "System.String"
            }
          ],
          "ReturnType": "System.Void",
          "Visibility": "Public",
          "GenericParameter": []
        },
        {
          "Kind": "Method",
          "Name": "get_StatusCode",
          "Parameters": [],
          "ReturnType": "System.Nullable<System.Int32>",
          "Visibility": "Public",
          "GenericParameter": []
        },
        {
          "Kind": "Method",
          "Name": "set_StatusCode",
          "Parameters": [
            {
              "Name": "value",
              "Type": "System.Nullable<System.Int32>"
            }
          ],
          "ReturnType": "System.Void",
          "Visibility": "Public",
          "GenericParameter": []
        },
        {
          "Kind": "Method",
          "Name": "CreateGlobalsAssignmentScript",
          "Parameters": [],
          "ReturnType": "System.String",
          "Visibility": "Public",
          "GenericParameter": []
        },
        {
          "Kind": "Constructor",
          "Name": ".ctor",
          "Parameters": [],
          "Visibility": "Public",
          "GenericParameter": []
        }
      ],
      "GenericParameters": []
    }
  ]
}